idiom,idiom_token
off the beaten track,IDoffthebeatentrackID
in the running,IDintherunningID
give someone the creeps,IDgivesomeonethecreepsID
do someone proud,IDdosomeoneproudID
take root,IDtakerootID
clean house,IDcleanhouseID
make history,IDmakehistoryID
go all the way,IDgoallthewayID
chapter and verse,IDchapterandverseID
break the bank,IDbreakthebankID
head for the hills,IDheadforthehillsID
in a fog,IDinafogID
bring up the rear,IDbringuptherearID
in the hole,IDintheholeID
true to form,IDtruetoformID
rags to riches,IDragstorichesID
on the ball,IDontheballID
stake a claim,IDstakeaclaimID
up for grabs,IDupforgrabsID
up and running,IDupandrunningID
behind bars,IDbehindbarsID
in my book,IDinmybookID
in black and white,IDinblackandwhiteID
go up in smoke,IDgoupinsmokeID
up the river,IDuptheriverID
make your blood boil,IDmakeyourbloodboilID
rub shoulders,IDrubshouldersID
go spare,IDgospareID
for crying out loud,IDforcryingoutloudID
spot on,IDspotonID
not cricket,IDnotcricketID
in the club,IDintheclubID
under the weather,IDundertheweatherID
act of God,IDactofgodID
play with fire,IDplaywithfireID
ring a bell,IDringabellID
put the boot in,IDputthebootinID
small beer,IDsmallbeerID
turn a blind eye,IDturnablindeyeID
in the black,IDintheblackID
on the nose,IDonthenoseID
rank and file,IDrankandfileID
break someone's heart,IDbreaksomeonesheartID
point the finger,IDpointthefingerID
off and on,IDoffandonID
go to town,IDgototownID
one of those things,IDoneofthosethingsID
keep the peace,IDkeepthepeaceID
by dint of,IDbydintofID
make light of,IDmakelightofID
out of kilter,IDoutofkilterID
get to grips with,IDgettogripswithID
presence of mind,IDpresenceofmindID
fly the flag,IDflytheflagID
over the hill,IDoverthehillID
grind to a halt,IDgrindtoahaltID
cut the crap,IDcutthecrapID
no laughing matter,IDnolaughingmatterID
green light,IDgreenlightID
by the same token,IDbythesametokenID
to the bone,IDtotheboneID
across the board,IDacrosstheboardID
dig deep,IDdigdeepID
let bygones be bygones,IDletbygonesbebygonesID
have a heart,IDhaveaheartID
every man for himself,IDeverymanforhimselfID
follow suit,IDfollowsuitID
part company,IDpartcompanyID
dish the dirt,IDdishthedirtID
hold water,IDholdwaterID
come of age,IDcomeofageID
on the button,IDonthebuttonID
raise the roof,IDraisetheroofID
get a life,IDgetalifeID
dead meat,IDdeadmeatID
bend someone's ear,IDbendsomeonesearID
bear in mind,IDbearinmindID
open someone's eyes,IDopensomeoneseyesID
left and right,IDleftandrightID
fall short,IDfallshortID
seen better days,IDseenbetterdaysID
fun and games,IDfunandgamesID
seal of approval,IDsealofapprovalID
with a will,IDwithawillID
over the counter,IDoverthecounterID
paint the town red,IDpaintthetownredID
in the short run,IDintheshortrunID
get a grip,IDgetagripID
in full swing,IDinfullswingID
under fire,IDunderfireID
hold court,IDholdcourtID
take a dive,IDtakeadiveID
sign of the times,IDsignofthetimesID
on the skids,IDontheskidsID
neck and neck,IDneckandneckID
out of the question,IDoutofthequestionID
under the microscope,IDunderthemicroscopeID
at the end of the day,IDattheendofthedayID
easy as pie,IDeasyaspieID
in the flesh,IDinthefleshID
lay down the law,IDlaydownthelawID
come to terms with,IDcometotermswithID
to say the least,IDtosaytheleastID
walk of life,IDwalkoflifeID
behind someone's back,IDbehindsomeonesbackID
doom and gloom,IDdoomandgloomID
on the side of the angels,IDonthesideoftheangelsID
put the wind up,IDputthewindupID
push the envelope,IDpushtheenvelopeID
cog in the machine,IDcoginthemachineID
for good measure,IDforgoodmeasureID
from scratch,IDfromscratchID
slow burn,IDslowburnID
with a view to,IDwithaviewtoID
chase your tail,IDchaseyourtailID
eyeball to eyeball,IDeyeballtoeyeballID
no questions asked,IDnoquestionsaskedID
catch fire,IDcatchfireID
in hot water,IDinhotwaterID
kiss of life,IDkissoflifeID
on the money,IDonthemoneyID
think twice,IDthinktwiceID
on the ropes,IDontheropesID
piss and vinegar,IDpissandvinegarID
turn the corner,IDturnthecornerID
no holds barred,IDnoholdsbarredID
odds and ends,IDoddsandendsID
hard cheese,IDhardcheeseID
crystal clear,IDcrystalclearID
on the house,IDonthehouseID
in the long term,IDinthelongtermID
under the table,IDunderthetableID
play for time,IDplayfortimeID
keep a low profile,IDkeepalowprofileID
tell it like it is,IDtellitlikeitisID
cut the mustard,IDcutthemustardID
fall into place,IDfallintoplaceID
all the rage,IDalltherageID
round the clock,IDroundtheclockID
cut corners,IDcutcornersID
touch and go,IDtouchandgoID
make ends meet,IDmakeendsmeetID
lie low,IDlielowID
quick as a flash,IDquickasaflashID
get the picture,IDgetthepictureID
nuts and bolts,IDnutsandboltsID
out of line,IDoutoflineID
man of god,IDmanofgodID
jump the gun,IDjumpthegunID
count sheep,IDcountsheepID
nothing to it,IDnothingtoitID
sing the praises of,IDsingthepraisesofID
get the nod,IDgetthenodID
at sea,IDatseaID
in light of,IDinlightofID
out of this world,IDoutofthisworldID
watering hole,IDwateringholeID
come clean,IDcomecleanID
with a vengeance,IDwithavengeanceID
call it a day,IDcallitadayID
turn someone's head,IDturnsomeonesheadID
play games,IDplaygamesID
do the trick,IDdothetrickID
spend a penny,IDspendapennyID
mean business,IDmeanbusinessID
pull a face,IDpullafaceID
in the final analysis,IDinthefinalanalysisID
on the horn,IDonthehornID
rub someone up the wrong way,IDrubsomeoneupthewrongwayID
on the rocks,IDontherocksID
knock it off,IDknockitoffID
writ large,IDwritlargeID
on edge,IDonedgeID
mark someone's card,IDmarksomeonescardID
at the crossroads,IDatthecrossroadsID
down and out,IDdownandoutID
by the book,IDbythebookID
on the shelf,IDontheshelfID
in the long run,IDinthelongrunID
game on,IDgameonID
give someone the eye,IDgivesomeonetheeyeID
pissed off,IDpissedoffID
bear fruit,IDbearfruitID
beat about the bush,IDbeataboutthebushID
foam at the mouth,IDfoamatthemouthID
twist someone's arm,IDtwistsomeonesarmID
sit on the fence,IDsitonthefenceID
on a roll,IDonarollID
behind closed doors,IDbehindcloseddoorsID
pleased as punch,IDpleasedaspunchID
save the day,IDsavethedayID
fight shy of,IDfightshyofID
cut no ice,IDcutnoiceID
no dice,IDnodiceID
lay odds,IDlayoddsID
free rein,IDfreereinID
come unstuck,IDcomeunstuckID
thick and fast,IDthickandfastID
on paper,IDonpaperID
in the driving seat,IDinthedrivingseatID
get lost,IDgetlostID
catch a cold,IDcatchacoldID
in someone's pocket,IDinsomeonespocketID
over the moon,IDoverthemoonID
go without saying,IDgowithoutsayingID
take the liberty,IDtakethelibertyID
get stuck in,IDgetstuckinID
scream blue murder,IDscreambluemurderID
make the cut,IDmakethecutID
in the can,IDinthecanID
take it from me,IDtakeitfrommeID
make a splash,IDmakeasplashID
pecking order,IDpeckingorderID
fall by the wayside,IDfallbythewaysideID
make the grade,IDmakethegradeID
to the tune of,IDtothetuneofID
stand someone in good stead,IDstandsomeoneingoodsteadID
hit the right note,IDhittherightnoteID
spring to mind,IDspringtomindID
carrot and stick,IDcarrotandstickID
on the carpet,IDonthecarpetID
take someone's word for it,IDtakesomeoneswordforitID
below par,IDbelowparID
on the spur of the moment,IDonthespurofthemomentID
on the face of it,IDonthefaceofitID
pick up the tab,IDpickupthetabID
around the clock,IDaroundtheclockID
economical with the truth,IDeconomicalwiththetruthID
step on it,IDsteponitID
buy time,IDbuytimeID
put paid to,IDputpaidtoID
the grass is always greener,IDthegrassisalwaysgreenerID
to the hilt,IDtothehiltID
on the game,IDonthegameID
hot air,IDhotairID
on board,IDonboardID
lose heart,IDloseheartID
slippery slope,IDslipperyslopeID
walk free,IDwalkfreeID
change your tune,IDchangeyourtuneID
all and sundry,IDallandsundryID
jump through hoops,IDjumpthroughhoopsID
out to lunch,IDouttolunchID
from rags to riches,IDfromragstorichesID
in no uncertain terms,IDinnouncertaintermsID
hear things,IDhearthingsID
on the back of,IDonthebackofID
twist the knife,IDtwisttheknifeID
once in a while,IDonceinawhileID
all along,IDallalongID
blow hot and cold,IDblowhotandcoldID
ahead of the game,IDaheadofthegameID
go to the wall,IDgotothewallID
sleep rough,IDsleeproughID
catch someone's eye,IDcatchsomeoneseyeID
go through the motions,IDgothroughthemotionsID
one and the same,IDoneandthesameID
oil and water,IDoilandwaterID
force someone's hand,IDforcesomeoneshandID
for keeps,IDforkeepsID
pure and simple,IDpureandsimpleID
round the bend,IDroundthebendID
new blood,IDnewbloodID
yes and no,IDyesandnoID
read between the lines,IDreadbetweenthelinesID
get a move on,IDgetamoveonID
steer clear of,IDsteerclearofID
lead someone up the garden path,IDleadsomeoneupthegardenpathID
break new ground,IDbreaknewgroundID
once and for all,IDonceandforallID
as a rule,IDasaruleID
off the shelf,IDofftheshelfID
anyone's guess,IDanyonesguessID
dyed in the wool,IDdyedinthewoolID
man and boy,IDmanandboyID
pull strings,IDpullstringsID
chew the fat,IDchewthefatID
over your head,IDoveryourheadID
for the time being,IDforthetimebeingID
licence to print money,IDlicencetoprintmoneyID
water under the bridge,IDwaterunderthebridgeID
take a dim view of,IDtakeadimviewofID
make a move,IDmakeamoveID
for a song,IDforasongID
the joke is on someone,IDthejokeisonsomeoneID
hands down,IDhandsdownID
hit the bottle,IDhitthebottleID
in the dock,IDinthedockID
off the wall,IDoffthewallID
meat and potatoes,IDmeatandpotatoesID
go overboard,IDgooverboardID
jump to conclusions,IDjumptoconclusionsID
all in a day's work,IDallinadaysworkID
in the buff,IDinthebuffID
in the clear,IDintheclearID
in stitches,IDinstitchesID
state of the art,IDstateoftheartID
dry as dust,IDdryasdustID
in the offing,IDintheoffingID
all over the place,IDallovertheplaceID
put two and two together,IDputtwoandtwotogetherID
work wonders,IDworkwondersID
sick and tired,IDsickandtiredID
join the club,IDjointheclubID
lay an egg,IDlayaneggID
at a snail's pace,IDatasnailspaceID
tit for tat,IDtitfortatID
wet behind the ears,IDwetbehindtheearsID
go hand in hand,IDgohandinhandID
dressed to kill,IDdressedtokillID
off the mark,IDoffthemarkID
every last,IDeverylastID
come to mind,IDcometomindID
set eyes on,IDseteyesonID
sink or swim,IDsinkorswimID
out of order,IDoutoforderID
show a leg,IDshowalegID
play hard to get,IDplayhardtogetID
donkey work,IDdonkeyworkID
go public,IDgopublicID
out of the blue,IDoutoftheblueID
take stock,IDtakestockID
a hair's breadth,IDahairsbreadthID
get up someone's nose,IDgetupsomeonesnoseID
old hat,IDoldhatID
young blood,IDyoungbloodID
out and about,IDoutandaboutID
in a nutshell,IDinanutshellID
grin like a Cheshire cat,IDgrinlikeacheshirecatID
under a cloud,IDunderacloudID
blaze a trail,IDblazeatrailID
up to no good,IDuptonogoodID
open the floodgates,IDopenthefloodgatesID
scratch the surface,IDscratchthesurfaceID
run amok,IDrunamokID
rise to the occasion,IDrisetotheoccasionID
under the influence,IDundertheinfluenceID
body blow,IDbodyblowID
take heart,IDtakeheartID
see stars,IDseestarsID
keep your pecker up,IDkeepyourpeckerupID
turn something on its head,IDturnsomethingonitsheadID
at a loose end,IDatalooseendID
above par,IDaboveparID
take the piss,IDtakethepissID
on the warpath,IDonthewarpathID
have kittens,IDhavekittensID
come to think of it,IDcometothinkofitID
song and dance,IDsonganddanceID
go it alone,IDgoitaloneID
second nature,IDsecondnatureID
no man's land,IDnomanslandID
black and blue,IDblackandblueID
at a stretch,IDatastretchID
tried and true,IDtriedandtrueID
on the blink,IDontheblinkID
on the mend,IDonthemendID
as the actress said to the bishop,IDastheactresssaidtothebishopID
to all intents and purposes,IDtoallintentsandpurposesID
cross swords,IDcrossswordsID
serve someone right,IDservesomeonerightID
beg the question,IDbegthequestionID
run a mile,IDrunamileID
go straight,IDgostraightID
take someone for a ride,IDtakesomeoneforarideID
against the grain,IDagainstthegrainID
in the bag,IDinthebagID
free and easy,IDfreeandeasyID
out cold,IDoutcoldID
bite the bullet,IDbitethebulletID
ride roughshod over,IDrideroughshodoverID
in spades,IDinspadesID
live and learn,IDliveandlearnID
get to the bottom of,IDgettothebottomofID
watch this space,IDwatchthisspaceID
down in the mouth,IDdowninthemouthID
get stuck into,IDgetstuckintoID
hair of the dog,IDhairofthedogID
short shrift,IDshortshriftID
step on someone's toes,IDsteponsomeonestoesID
close call,IDclosecallID
work to rule,IDworktoruleID
sweetness and light,IDsweetnessandlightID
turn heads,IDturnheadsID
keep someone in the dark,IDkeepsomeoneinthedarkID
hold someone's hand,IDholdsomeoneshandID
back to square one,IDbacktosquareoneID
kill the goose that lays the golden egg,IDkillthegoosethatlaysthegoldeneggID
call the shots,IDcalltheshotsID
off the hook,IDoffthehookID
on the square,IDonthesquareID
thick as thieves,IDthickasthievesID
word of mouth,IDwordofmouthID
fall on deaf ears,IDfallondeafearsID
cut both ways,IDcutbothwaysID
out of the woods,IDoutofthewoodsID
by hook or by crook,IDbyhookorbycrookID
rock bottom,IDrockbottomID
off the record,IDofftherecordID
out of pocket,IDoutofpocketID
go from strength to strength,IDgofromstrengthtostrengthID
in this day and age,IDinthisdayandageID
eat like a horse,IDeatlikeahorseID
at cross purposes,IDatcrosspurposesID
in the red,IDintheredID
to the letter,IDtotheletterID
on someone's mind,IDonsomeonesmindID
in tandem,IDintandemID
fight tooth and nail,IDfighttoothandnailID
wide of the mark,IDwideofthemarkID
up in the air,IDupintheairID
change hands,IDchangehandsID
wipe the floor with,IDwipethefloorwithID
rough edges,IDroughedgesID
one of those days,IDoneofthosedaysID
bite the dust,IDbitethedustID
come to grips with,IDcometogripswithID
pie in the sky,IDpieintheskyID
lay eyes on,IDlayeyesonID
do a number on,IDdoanumberonID
anything goes,IDanythinggoesID
pull out all the stops,IDpulloutallthestopsID
at a pinch,IDatapinchID
lame duck,IDlameduckID
in broad daylight,IDinbroaddaylightID
in bed with,IDinbedwithID
go bananas,IDgobananasID
out of the box,IDoutoftheboxID
from the word go,IDfromthewordgoID
win the day,IDwinthedayID
rough and ready,IDroughandreadyID
too big for your boots,IDtoobigforyourbootsID
have a ball,IDhaveaballID
cast your mind back,IDcastyourmindbackID
on the cards,IDonthecardsID
keep a lid on,IDkeepalidonID
sure as eggs is eggs,IDsureaseggsiseggsID
bite your tongue,IDbiteyourtongueID
face to face,IDfacetofaceID
boys will be boys,IDboyswillbeboysID
square the circle,IDsquarethecircleID
to a turn,IDtoaturnID
few and far between,IDfewandfarbetweenID
head south,IDheadsouthID
kick the habit,IDkickthehabitID
draw a blank,IDdrawablankID
great minds think alike,IDgreatmindsthinkalikeID
far and away,IDfarandawayID
go the distance,IDgothedistanceID
keep up appearances,IDkeepupappearancesID
sweep the board,IDsweeptheboardID
settle a score,IDsettleascoreID
jump on the bandwagon,IDjumponthebandwagonID
in the saddle,IDinthesaddleID
stroke of luck,IDstrokeofluckID
blow a fuse,IDblowafuseID
all hell broke loose,IDallhellbrokelooseID
carry the day,IDcarrythedayID
on the level,IDonthelevelID
under the sun,IDunderthesunID
fill someone's shoes,IDfillsomeonesshoesID
break even,IDbreakevenID
on the trot,IDonthetrotID
claim to fame,IDclaimtofameID
out of sight,IDoutofsightID
head over heels,IDheadoverheelsID
play ball,IDplayballID
wipe someone's eye,IDwipesomeoneseyeID
get the better of,IDgetthebetterofID
brownie point,IDbrowniepointID
high as a kite,IDhighasakiteID
make head or tail of,IDmakeheadortailofID
over the top,IDoverthetopID
take a powder,IDtakeapowderID
to boot,IDtobootID
many moons ago,IDmanymoonsagoID
as luck would have it,IDasluckwouldhaveitID
save face,IDsavefaceID
gather dust,IDgatherdustID
have words,IDhavewordsID
do the right thing,IDdotherightthingID
kick up a stink,IDkickupastinkID
any port in a storm,IDanyportinastormID
err on the side of,IDerronthesideofID
fair and square,IDfairandsquareID
curry favour,IDcurryfavourID
into thin air,IDintothinairID
have been around,IDhavebeenaroundID
tongue in cheek,IDtongueincheekID
hit the headlines,IDhittheheadlinesID
nine times out of ten,IDninetimesoutoftenID
your guess is as good as mine,IDyourguessisasgoodasmineID
by the back door,IDbythebackdoorID
by and large,IDbyandlargeID
stick your neck out,IDstickyourneckoutID
take someone to the cleaners,IDtakesomeonetothecleanersID
spin a yarn,IDspinayarnID
out of the running,IDoutoftherunningID
take it easy,IDtakeiteasyID
have the last laugh,IDhavethelastlaughID
break the ice,IDbreaktheiceID
come full circle,IDcomefullcircleID
look the part,IDlookthepartID
in the same breath,IDinthesamebreathID
wear the trousers,IDwearthetrousersID
forbidden fruit,IDforbiddenfruitID
toe the line,IDtoethelineID
bring the house down,IDbringthehousedownID
heads will roll,IDheadswillrollID
down at heel,IDdownatheelID
way to go,IDwaytogoID
go by the board,IDgobytheboardID
follow in someone's footsteps,IDfollowinsomeonesfootstepsID
get cracking,IDgetcrackingID
go down the wrong way,IDgodownthewrongwayID
stop at nothing,IDstopatnothingID
first off,IDfirstoffID
feel the pinch,IDfeelthepinchID
take a back seat,IDtakeabackseatID
take the plunge,IDtaketheplungeID
grasp the nettle,IDgraspthenettleID
set the wheels in motion,IDsetthewheelsinmotionID
basket case,IDbasketcaseID
streets ahead,IDstreetsaheadID
run riot,IDrunriotID
unknown quantity,IDunknownquantityID
make a killing,IDmakeakillingID
sign on the dotted line,IDsignonthedottedlineID
foot the bill,IDfootthebillID
make hay,IDmakehayID
pour cold water on,IDpourcoldwateronID
make a go of,IDmakeagoofID
break the back of,IDbreakthebackofID
on the fly,IDontheflyID
neither here nor there,IDneitherherenorthereID
by heart,IDbyheartID
bleeding heart,IDbleedingheartID
small print,IDsmallprintID
talk out of turn,IDtalkoutofturnID
in the family way,IDinthefamilywayID
clutch at straws,IDclutchatstrawsID
rule of thumb,IDruleofthumbID
walk the plank,IDwalktheplankID
dog eat dog,IDdogeatdogID
drop a hint,IDdropahintID
prodigal son,IDprodigalsonID
down the road,IDdowntheroadID
bottom drawer,IDbottomdrawerID
all wet,IDallwetID
hit home,IDhithomeID
for the hell of it,IDforthehellofitID
rare bird,IDrarebirdID
with knobs on,IDwithknobsonID
never say die,IDneversaydieID
have it easy,IDhaveiteasyID
talk shop,IDtalkshopID
siren song,IDsirensongID
hit the road,IDhittheroadID
cut and thrust,IDcutandthrustID
full tilt,IDfulltiltID
spill the beans,IDspillthebeansID
down the drain,IDdownthedrainID
drop the ball,IDdroptheballID
work like a charm,IDworklikeacharmID
behind the scenes,IDbehindthescenesID
rough and tumble,IDroughandtumbleID
in the works,IDintheworksID
come to a head,IDcometoaheadID
live a lie,IDlivealieID
off the cuff,IDoffthecuffID
hold the purse strings,IDholdthepursestringsID
hit the jackpot,IDhitthejackpotID
take liberties,IDtakelibertiesID
high and dry,IDhighanddryID
fair game,IDfairgameID
kicking and screaming,IDkickingandscreamingID
cut loose,IDcutlooseID
talk dirty,IDtalkdirtyID
cost the earth,IDcosttheearthID
fall between two stools,IDfallbetweentwostoolsID
hand in glove,IDhandingloveID
in the loop,IDintheloopID
saved by the bell,IDsavedbythebellID
hope against hope,IDhopeagainsthopeID
on ice,IDoniceID
in the pipeline,IDinthepipelineID
deaf as a post,IDdeafasapostID
smoke like a chimney,IDsmokelikeachimneyID
put a foot wrong,IDputafootwrongID
ride high,IDridehighID
cuckoo in the nest,IDcuckoointhenestID
know no bounds,IDknownoboundsID
heart of gold,IDheartofgoldID
child's play,IDchildsplayID
fit as a fiddle,IDfitasafiddleID
make or break,IDmakeorbreakID
full of beans,IDfullofbeansID
beat swords into ploughshares,IDbeatswordsintoploughsharesID
early bird,IDearlybirdID
grasp at straws,IDgraspatstrawsID
add insult to injury,IDaddinsulttoinjuryID
the ayes have it,IDtheayeshaveitID
horses for courses,IDhorsesforcoursesID
chuck it down,IDchuckitdownID
touch wood,IDtouchwoodID
get wind of,IDgetwindofID
kick ass,IDkickassID
old as the hills,IDoldasthehillsID
full marks,IDfullmarksID
call someone's bluff,IDcallsomeonesbluffID
that makes two of us,IDthatmakestwoofusID
as the crow flies,IDasthecrowfliesID
hold the fort,IDholdthefortID
strike while the iron is hot,IDstrikewhiletheironishotID
rock the boat,IDrocktheboatID
make someone's day,IDmakesomeonesdayID
take a bath,IDtakeabathID
cold comfort,IDcoldcomfortID
come up trumps,IDcomeuptrumpsID
out of sorts,IDoutofsortsID
flash in the pan,IDflashinthepanID
laughing stock,IDlaughingstockID
rise from the ashes,IDrisefromtheashesID
lose your head,IDloseyourheadID
pick up the pieces,IDpickupthepiecesID
make waves,IDmakewavesID
"been there, done that",IDbeentheredonethatID
see red,IDseeredID
pay through the nose,IDpaythroughthenoseID
born and bred,IDbornandbredID
boys in blue,IDboysinblueID
now or never,IDnoworneverID
mend fences,IDmendfencesID
home and dry,IDhomeanddryID
have a screw loose,IDhaveascrewlooseID
the die is cast,IDthedieiscastID
get away with murder,IDgetawaywithmurderID
close to home,IDclosetohomeID
go downhill,IDgodownhillID
sleight of hand,IDsleightofhandID
go great guns,IDgogreatgunsID
get off the ground,IDgetoffthegroundID
call the tune,IDcallthetuneID
piping hot,IDpipinghotID
from the cradle to the grave,IDfromthecradletothegraveID
pull rank,IDpullrankID
take the bull by the horns,IDtakethebullbythehornsID
fall from grace,IDfallfromgraceID
life and limb,IDlifeandlimbID
kill the goose that lays the golden eggs,IDkillthegoosethatlaysthegoldeneggsID
no sweat,IDnosweatID
break ranks,IDbreakranksID
breathe down someone's neck,IDbreathedownsomeonesneckID
on your toes,IDonyourtoesID
give something a miss,IDgivesomethingamissID
over my dead body,IDovermydeadbodyID
no strings attached,IDnostringsattachedID
take the mickey,IDtakethemickeyID
under the wire,IDunderthewireID
odd one out,IDoddoneoutID
be my guest,IDbemyguestID
down the tubes,IDdownthetubesID
man's best friend,IDmansbestfriendID
on the take,IDonthetakeID
hold your horses,IDholdyourhorsesID
tell tales,IDtelltalesID
go down a storm,IDgodownastormID
at the drop of a hat,IDatthedropofahatID
first among equals,IDfirstamongequalsID
one for the road,IDonefortheroadID
turn the screw,IDturnthescrewID
grin and bear it,IDgrinandbearitID
keep mum,IDkeepmumID
take no prisoners,IDtakenoprisonersID
in Dutch,IDindutchID
pull someone's leg,IDpullsomeoneslegID
on the run,IDontherunID
on the stump,IDonthestumpID
cut a dash,IDcutadashID
spit it out,IDspititoutID
plain sailing,IDplainsailingID
easy on the eye,IDeasyontheeyeID
slip through the net,IDslipthroughthenetID
let your hair down,IDletyourhairdownID
neck of the woods,IDneckofthewoodsID
fit the bill,IDfitthebillID
put a sock in it,IDputasockinitID
bright and early,IDbrightandearlyID
come to grief,IDcometogriefID
have a few,IDhaveafewID
when push comes to shove,IDwhenpushcomestoshoveID
kiss ass,IDkissassID
save someone's skin,IDsavesomeonesskinID
in your blood,IDinyourbloodID
cold feet,IDcoldfeetID
get it up,IDgetitupID
big hitter,IDbighitterID
hot under the collar,IDhotunderthecollarID
send someone packing,IDsendsomeonepackingID
spare someone's blushes,IDsparesomeonesblushesID
in business,IDinbusinessID
see the light,IDseethelightID
hit and miss,IDhitandmissID
in the altogether,IDinthealtogetherID
play into someone's hands,IDplayintosomeoneshandsID
say cheese,IDsaycheeseID
pick someone's brain,IDpicksomeonesbrainID
pass the buck,IDpassthebuckID
for my money,IDformymoneyID
in the soup,IDinthesoupID
take someone to task,IDtakesomeonetotaskID
at your fingertips,IDatyourfingertipsID
famous last words,IDfamouslastwordsID
lend a hand,IDlendahandID
argue the toss,IDarguethetossID
come out in the wash,IDcomeoutinthewashID
on the hoof,IDonthehoofID
man of straw,IDmanofstrawID
sit tight,IDsittightID
the more the merrier,IDthemorethemerrierID
on the hop,IDonthehopID
babe in arms,IDbabeinarmsID
catch the sun,IDcatchthesunID
bums on seats,IDbumsonseatsID
call a spade a spade,IDcallaspadeaspadeID
miss the boat,IDmisstheboatID
Bob's your uncle,IDbobsyouruncleID
time will tell,IDtimewilltellID
up to scratch,IDuptoscratchID
carry the can,IDcarrythecanID
light at the end of the tunnel,IDlightattheendofthetunnelID
weak at the knees,IDweakatthekneesID
within living memory,IDwithinlivingmemoryID
easier said than done,IDeasiersaidthandoneID
stick out like a sore thumb,IDstickoutlikeasorethumbID
between the devil and the deep blue sea,IDbetweenthedevilandthedeepblueseaID
power behind the throne,IDpowerbehindthethroneID
on the same page,IDonthesamepageID
in one ear and out the other,IDinoneearandouttheotherID
strike a chord,IDstrikeachordID
keep your fingers crossed,IDkeepyourfingerscrossedID
as good as new,IDasgoodasnewID
give and take,IDgiveandtakeID
keep tabs on,IDkeeptabsonID
bang for the buck,IDbangforthebuckID
knock someone's socks off,IDknocksomeonessocksoffID
let's be having you,IDletsbehavingyouID
get under someone's skin,IDgetundersomeonesskinID
at a loss for words,IDatalossforwordsID
get on someone's nerves,IDgetonsomeonesnervesID
you can't have your cake and eat it,IDyoucanthaveyourcakeandeatitID
have someone's number,IDhavesomeonesnumberID
the icing on the cake,IDtheicingonthecakeID
kiss and tell,IDkissandtellID
every which way,IDeverywhichwayID
fly off the handle,IDflyoffthehandleID
on a shoestring,IDonashoestringID
run out of steam,IDrunoutofsteamID
larger than life,IDlargerthanlifeID
blow someone's mind,IDblowsomeonesmindID
have it both ways,IDhaveitbothwaysID
no two ways about it,IDnotwowaysaboutitID
close shave,IDcloseshaveID
within an ace of,IDwithinanaceofID
jockey for position,IDjockeyforpositionID
strain every nerve,IDstraineverynerveID
steal someone's thunder,IDstealsomeonesthunderID
have a cow,IDhaveacowID
out of the picture,IDoutofthepictureID
give someone pause,IDgivesomeonepauseID
yesterday's news,IDyesterdaysnewsID
on thin ice,IDonthiniceID
play hookey,IDplayhookeyID
place in the sun,IDplaceinthesunID
ten a penny,IDtenapennyID
Indian summer,IDindiansummerID
speak volumes,IDspeakvolumesID
turn the tables,IDturnthetablesID
take the cake,IDtakethecakeID
tread the boards,IDtreadtheboardsID
in the doghouse,IDinthedoghouseID
poacher turned gamekeeper,IDpoacherturnedgamekeeperID
hot and heavy,IDhotandheavyID
through thick and thin,IDthroughthickandthinID
take it or leave it,IDtakeitorleaveitID
till the cows come home,IDtillthecowscomehomeID
drive someone up the wall,IDdrivesomeoneupthewallID
have an eye for,IDhaveaneyeforID
with bated breath,IDwithbatedbreathID
and then some,IDandthensomeID
night and day,IDnightanddayID
marriage of convenience,IDmarriageofconvenienceID
swings and roundabouts,IDswingsandroundaboutsID
over-egg the pudding,IDovereggthepuddingID
go west,IDgowestID
lend an ear,IDlendanearID
in cold blood,IDincoldbloodID
do someone's head in,IDdosomeonesheadinID
give up the ghost,IDgiveuptheghostID
heart and soul,IDheartandsoulID
easy does it,IDeasydoesitID
on cloud nine,IDoncloudnineID
party animal,IDpartyanimalID
run out of gas,IDrunoutofgasID
out on a limb,IDoutonalimbID
take the biscuit,IDtakethebiscuitID
chicken feed,IDchickenfeedID
put someone on a pedestal,IDputsomeoneonapedestalID
what's the damage?,IDwhatsthedamageID
get in on the ground floor,IDgetinonthegroundfloorID
pump iron,IDpumpironID
in the sticks,IDinthesticksID
take a bow,IDtakeabowID
my bad,IDmybadID
face the music,IDfacethemusicID
walk all over,IDwalkalloverID
take to the hills,IDtaketothehillsID
dice with death,IDdicewithdeathID
lose face,IDlosefaceID
the plot thickens,IDtheplotthickensID
weather the storm,IDweatherthestormID
on the nod,IDonthenodID
break cover,IDbreakcoverID
hand to mouth,IDhandtomouthID
in the pink,IDinthepinkID
short and sweet,IDshortandsweetID
know the score,IDknowthescoreID
turn tail,IDturntailID
go native,IDgonativeID
kill two birds with one stone,IDkilltwobirdswithonestoneID
grist to the mill,IDgristtothemillID
put your oar in,IDputyouroarinID
dead in the water,IDdeadinthewaterID
marching orders,IDmarchingordersID
sleep like a log,IDsleeplikealogID
slip of the tongue,IDslipofthetongueID
jobs for the boys,IDjobsfortheboysID
out of the loop,IDoutoftheloopID
under lock and key,IDunderlockandkeyID
town and gown,IDtownandgownID
keep the wolf from the door,IDkeepthewolffromthedoorID
hit the nail on the head,IDhitthenailontheheadID
blood is thicker than water,IDbloodisthickerthanwaterID
not a pretty sight,IDnotaprettysightID
tie the knot,IDtietheknotID
paper over the cracks,IDpaperoverthecracksID
swear like a trooper,IDswearlikeatrooperID
bounce off the walls,IDbounceoffthewallsID
in the lap of luxury,IDinthelapofluxuryID
up a tree,IDupatreeID
think the world of,IDthinktheworldofID
broad in the beam,IDbroadinthebeamID
play gooseberry,IDplaygooseberryID
give someone the slip,IDgivesomeonetheslipID
lone wolf,IDlonewolfID
leave well alone,IDleavewellaloneID
eat humble pie,IDeathumblepieID
to die for,IDtodieforID
sweat blood,IDsweatbloodID
on the dot,IDonthedotID
come rain or shine,IDcomerainorshineID
by no stretch of the imagination,IDbynostretchoftheimaginationID
on and off,IDonandoffID
take something as read,IDtakesomethingasreadID
different strokes for different folks,IDdifferentstrokesfordifferentfolksID
like the clappers,IDliketheclappersID
ride for a fall,IDrideforafallID
for Africa,IDforafricaID
wheels within wheels,IDwheelswithinwheelsID
hold your tongue,IDholdyourtongueID
daylight robbery,IDdaylightrobberyID
stand up and be counted,IDstandupandbecountedID
brass neck,IDbrassneckID
without fail,IDwithoutfailID
look on the bright side,IDlookonthebrightsideID
cut it fine,IDcutitfineID
run the gauntlet,IDrunthegauntletID
reach for the stars,IDreachforthestarsID
fall on stony ground,IDfallonstonygroundID
raise hell,IDraisehellID
when the chips are down,IDwhenthechipsaredownID
come hell or high water,IDcomehellorhighwaterID
on top of the world,IDontopoftheworldID
take the floor,IDtakethefloorID
play it safe,IDplayitsafeID
call it quits,IDcallitquitsID
cap in hand,IDcapinhandID
armed to the teeth,IDarmedtotheteethID
bite off more than you can chew,IDbiteoffmorethanyoucanchewID
packed like sardines,IDpackedlikesardinesID
throw in the towel,IDthrowinthetowelID
do me a favour,IDdomeafavourID
up against it,IDupagainstitID
cheek by jowl,IDcheekbyjowlID
apples and oranges,IDapplesandorangesID
name names,IDnamenamesID
lock horns,IDlockhornsID
dead and buried,IDdeadandburiedID
pack a punch,IDpackapunchID
have no truck with,IDhavenotruckwithID
pigs can fly,IDpigscanflyID
bow and scrape,IDbowandscrapeID
throw down the gauntlet,IDthrowdownthegauntletID
keep your chin up,IDkeepyourchinupID
run something up the flagpole,IDrunsomethinguptheflagpoleID
no great shakes,IDnogreatshakesID
see the light of day,IDseethelightofdayID
burst someone's bubble,IDburstsomeonesbubbleID
good riddance,IDgoodriddanceID
rake over old coals,IDrakeoveroldcoalsID
make a mountain out of a molehill,IDmakeamountainoutofamolehillID
warts and all,IDwartsandallID
bits and bobs,IDbitsandbobsID
couch potato,IDcouchpotatoID
easy as falling off a log,IDeasyasfallingoffalogID
on the same wavelength,IDonthesamewavelengthID
the rest is history,IDtherestishistoryID
go off the boil,IDgoofftheboilID
lick someone's boots,IDlicksomeonesbootsID
leave no stone unturned,IDleavenostoneunturnedID
at sixes and sevens,IDatsixesandsevensID
count your blessings,IDcountyourblessingsID
put a damper on,IDputadamperonID
eternal triangle,IDeternaltriangleID
bar none,IDbarnoneID
shut the door on,IDshutthedooronID
grease someone's palm,IDgreasesomeonespalmID
in cahoots,IDincahootsID
kiss of death,IDkissofdeathID
lift a finger,IDliftafingerID
on the rebound,IDonthereboundID
sad sack,IDsadsackID
throw cold water on,IDthrowcoldwateronID
on the wagon,IDonthewagonID
fly a kite,IDflyakiteID
above board,IDaboveboardID
up the spout,IDupthespoutID
down in the dumps,IDdowninthedumpsID
all over the shop,IDallovertheshopID
box clever,IDboxcleverID
on the make,IDonthemakeID
there's no such thing as a free lunch,IDtheresnosuchthingasafreelunchID
out of thin air,IDoutofthinairID
go to ground,IDgotogroundID
make a clean break,IDmakeacleanbreakID
sour grapes,IDsourgrapesID
pound the pavement,IDpoundthepavementID
buy the farm,IDbuythefarmID
when all is said and done,IDwhenallissaidanddoneID
crocodile tears,IDcrocodiletearsID
hit the mark,IDhitthemarkID
with open arms,IDwithopenarmsID
on tenterhooks,IDontenterhooksID
move mountains,IDmovemountainsID
keen as mustard,IDkeenasmustardID
dead wood,IDdeadwoodID
food for thought,IDfoodforthoughtID
back to the drawing board,IDbacktothedrawingboardID
ruffle someone's feathers,IDrufflesomeonesfeathersID
play fast and loose,IDplayfastandlooseID
take the fall,IDtakethefallID
throw a curve,IDthrowacurveID
like clockwork,IDlikeclockworkID
cock of the walk,IDcockofthewalkID
draw the short straw,IDdrawtheshortstrawID
in the swim,IDintheswimID
make short work of,IDmakeshortworkofID
up to the hilt,IDuptothehiltID
no can do,IDnocandoID
find your feet,IDfindyourfeetID
straight from the shoulder,IDstraightfromtheshoulderID
make a pig's ear of,IDmakeapigsearofID
share and share alike,IDshareandsharealikeID
squeaky clean,IDsqueakycleanID
give someone what for,IDgivesomeonewhatforID
on the back burner,IDonthebackburnerID
at death's door,IDatdeathsdoorID
jump ship,IDjumpshipID
pull a rabbit out of a hat,IDpullarabbitoutofahatID
mind over matter,IDmindovermatterID
smart alec,IDsmartalecID
in a rut,IDinarutID
shrinking violet,IDshrinkingvioletID
perish the thought,IDperishthethoughtID
hell for leather,IDhellforleatherID
go under the hammer,IDgounderthehammerID
save someone's bacon,IDsavesomeonesbaconID
wipe the slate clean,IDwipetheslatecleanID
first up,IDfirstupID
two a penny,IDtwoapennyID
laugh all the way to the bank,IDlaughallthewaytothebankID
and all that jazz,IDandallthatjazzID
all things being equal,IDallthingsbeingequalID
chop and change,IDchopandchangeID
go ballistic,IDgoballisticID
have a foot in both camps,IDhaveafootinbothcampsID
true blue,IDtrueblueID
go with the flow,IDgowiththeflowID
good offices,IDgoodofficesID
nudge nudge wink wink,IDnudgenudgewinkwinkID
swim against the tide,IDswimagainstthetideID
go for broke,IDgoforbrokeID
set your sights on,IDsetyoursightsonID
cut and run,IDcutandrunID
do the honours,IDdothehonoursID
let sleeping dogs lie,IDletsleepingdogslieID
dressed to the nines,IDdressedtotheninesID
fall off the back of a lorry,IDfalloffthebackofalorryID
flat as a pancake,IDflatasapancakeID
live it up,IDliveitupID
give it a whirl,IDgiveitawhirlID
belt and braces,IDbeltandbracesID
white hat,IDwhitehatID
sail under false colours,IDsailunderfalsecoloursID
eat someone alive,IDeatsomeonealiveID
laugh like a drain,IDlaughlikeadrainID
wouldn't hurt a fly,IDwouldnthurtaflyID
see eye to eye,IDseeeyetoeyeID
bugger all,IDbuggerallID
in the wink of an eye,IDinthewinkofaneyeID
at loggerheads,IDatloggerheadsID
spit blood,IDspitbloodID
slap on the wrist,IDslaponthewristID
curiosity killed the cat,IDcuriositykilledthecatID
up sticks,IDupsticksID
do a bunk,IDdoabunkID
fight fire with fire,IDfightfirewithfireID
hold the ring,IDholdtheringID
no smoke without fire,IDnosmokewithoutfireID
fill the bill,IDfillthebillID
chickens come home to roost,IDchickenscomehometoroostID
make a meal of,IDmakeamealofID
pull the plug,IDpulltheplugID
put words in someone's mouth,IDputwordsinsomeonesmouthID
put your best foot forward,IDputyourbestfootforwardID
run the gamut,IDrunthegamutID
coals to Newcastle,IDcoalstonewcastleID
wither on the vine,IDwitheronthevineID
pull the wool over someone's eyes,IDpullthewooloversomeoneseyesID
better late than never,IDbetterlatethanneverID
beyond the pale,IDbeyondthepaleID
rule the roost,IDruletheroostID
live in sin,IDliveinsinID
under your breath,IDunderyourbreathID
lay a finger on,IDlayafingeronID
sick to death,IDsicktodeathID
a pretty penny,IDaprettypennyID
go round in circles,IDgoroundincirclesID
jump the queue,IDjumpthequeueID
right as rain,IDrightasrainID
second childhood,IDsecondchildhoodID
steal the show,IDstealtheshowID
down to the wire,IDdowntothewireID
sticky fingers,IDstickyfingersID
beat the clock,IDbeattheclockID
get it in the neck,IDgetitintheneckID
in the nick of time,IDinthenickoftimeID
fast and furious,IDfastandfuriousID
put your foot down,IDputyourfootdownID
keep your options open,IDkeepyouroptionsopenID
live and let live,IDliveandletliveID
cry foul,IDcryfoulID
make a monkey of someone,IDmakeamonkeyofsomeoneID
everything in the garden is rosy,IDeverythinginthegardenisrosyID
get the boot,IDgetthebootID
you pays your money and you takes your choice,IDyoupaysyourmoneyandyoutakesyourchoiceID
hold the line,IDholdthelineID
plain as a pikestaff,IDplainasapikestaffID
fly the coop,IDflythecoopID
one in the eye for,IDoneintheeyeforID
move heaven and earth,IDmoveheavenandearthID
land of nod,IDlandofnodID
not all there,IDnotallthereID
birds of a feather,IDbirdsofafeatherID
throw a wobbly,IDthrowawobblyID
take a leaf out of someone's book,IDtakealeafoutofsomeonesbookID
go to your head,IDgotoyourheadID
in the raw,IDintherawID
dead men's shoes,IDdeadmensshoesID
not on your life,IDnotonyourlifeID
third time lucky,IDthirdtimeluckyID
up to here,IDuptohereID
pull a fast one,IDpullafastoneID
kick up a fuss,IDkickupafussID
make a virtue of necessity,IDmakeavirtueofnecessityID
look before you leap,IDlookbeforeyouleapID
by the by,IDbythebyID
burn the midnight oil,IDburnthemidnightoilID
hum and haw,IDhumandhawID
no spring chicken,IDnospringchickenID
cook the books,IDcookthebooksID
only time will tell,IDonlytimewilltellID
rest on your laurels,IDrestonyourlaurelsID
in the driver's seat,IDinthedriversseatID
play to the gallery,IDplaytothegalleryID
beside yourself,IDbesideyourselfID
to a T,IDtoatID
rack your brain,IDrackyourbrainID
holy of holies,IDholyofholiesID
hammer and tongs,IDhammerandtongsID
sell like hot cakes,IDselllikehotcakesID
look the other way,IDlooktheotherwayID
high and low,IDhighandlowID
bright young thing,IDbrightyoungthingID
stand the test of time,IDstandthetestoftimeID
move the goalposts,IDmovethegoalpostsID
under your belt,IDunderyourbeltID
pick someone's brains,IDpicksomeonesbrainsID
put down roots,IDputdownrootsID
the biter bit,IDthebiterbitID
show someone the door,IDshowsomeonethedoorID
say uncle,IDsayuncleID
drop someone a line,IDdropsomeonealineID
bark up the wrong tree,IDbarkupthewrongtreeID
jack of all trades,IDjackofalltradesID
go to seed,IDgotoseedID
smell of the lamp,IDsmellofthelampID
play the field,IDplaythefieldID
much of a muchness,IDmuchofamuchnessID
fall in line,IDfallinlineID
moment of truth,IDmomentoftruthID
friends in high places,IDfriendsinhighplacesID
six of the best,IDsixofthebestID
in living memory,IDinlivingmemoryID
sitting pretty,IDsittingprettyID
smell a rat,IDsmellaratID
come up smelling of roses,IDcomeupsmellingofrosesID
tired and emotional,IDtiredandemotionalID
separate the wheat from the chaff,IDseparatethewheatfromthechaffID
hang by a thread,IDhangbyathreadID
mutton dressed as lamb,IDmuttondressedaslambID
get your feet wet,IDgetyourfeetwetID
hold your own,IDholdyourownID
in your dreams,IDinyourdreamsID
put the cart before the horse,IDputthecartbeforethehorseID
take the wind out of someone's sails,IDtakethewindoutofsomeonessailsID
I'll eat my hat,IDilleatmyhatID
whoop it up,IDwhoopitupID
upset the apple cart,IDupsettheapplecartID
confirmed bachelor,IDconfirmedbachelorID
the whole shooting match,IDthewholeshootingmatchID
put someone in mind of,IDputsomeoneinmindofID
poor as a church mouse,IDpoorasachurchmouseID
take the rough with the smooth,IDtaketheroughwiththesmoothID
on the horns of a dilemma,IDonthehornsofadilemmaID
you scratch my back and I'll scratch yours,IDyouscratchmybackandillscratchyoursID
ride shotgun,IDrideshotgunID
tough as old boots,IDtoughasoldbootsID
between a rock and a hard place,IDbetweenarockandahardplaceID
cross the Rubicon,IDcrosstherubiconID
for donkey's years,IDfordonkeysyearsID
heart to heart,IDhearttoheartID
in your face,IDinyourfaceID
Jekyll and Hyde,IDjekyllandhydeID
every trick in the book,IDeverytrickinthebookID
kiss and make up,IDkissandmakeupID
go places,IDgoplacesID
go to the dogs,IDgotothedogsID
tan someone's hide,IDtansomeoneshideID
collect dust,IDcollectdustID
tempt providence,IDtemptprovidenceID
on your high horse,IDonyourhighhorseID
turn up trumps,IDturnuptrumpsID
go begging,IDgobeggingID
mum's the word,IDmumsthewordID
pop the question,IDpopthequestionID
ride the rails,IDridetherailsID
below the belt,IDbelowthebeltID
greasy spoon,IDgreasyspoonID
muddy the waters,IDmuddythewatersID
tilt at windmills,IDtiltatwindmillsID
fly in the face of,IDflyinthefaceofID
stand on ceremony,IDstandonceremonyID
sitting duck,IDsittingduckID
dead as a doornail,IDdeadasadoornailID
one good turn deserves another,IDonegoodturndeservesanotherID
rise through the ranks,IDrisethroughtheranksID
up shit creek,IDupshitcreekID
sling your hook,IDslingyourhookID
joined at the hip,IDjoinedatthehipID
alive and kicking,IDaliveandkickingID
hit a nerve,IDhitanerveID
to the nth degree,IDtothenthdegreeID
from pillar to post,IDfrompillartopostID
go for the jugular,IDgoforthejugularID
lose your shirt,IDloseyourshirtID
crash and burn,IDcrashandburnID
hack it,IDhackitID
have your work cut out,IDhaveyourworkcutoutID
hot and bothered,IDhotandbotheredID
every nook and cranny,IDeverynookandcrannyID
everything but the kitchen sink,IDeverythingbutthekitchensinkID
lose the plot,IDlosetheplotID
too clever by half,IDtoocleverbyhalfID
better the devil you know,IDbetterthedevilyouknowID
nothing doing,IDnothingdoingID
get on someone's wick,IDgetonsomeoneswickID
make light work of,IDmakelightworkofID
there's the rub,IDtherestherubID
long in the tooth,IDlonginthetoothID
turn over a new leaf,IDturnoveranewleafID
chew the cud,IDchewthecudID
build castles in the air,IDbuildcastlesintheairID
public enemy number one,IDpublicenemynumberoneID
put your foot in it,IDputyourfootinitID
feeding frenzy,IDfeedingfrenzyID
up to speed,IDuptospeedID
"out of sight, out of mind",IDoutofsightoutofmindID
turn the other cheek,IDturntheothercheekID
blow a gasket,IDblowagasketID
read my lips,IDreadmylipsID
beggars can't be choosers,IDbeggarscantbechoosersID
more's the pity,IDmoresthepityID
sick as a dog,IDsickasadogID
play it cool,IDplayitcoolID
touch a nerve,IDtouchanerveID
vent your spleen,IDventyourspleenID
get someone's back up,IDgetsomeonesbackupID
keep a straight face,IDkeepastraightfaceID
in apple-pie order,IDinapplepieorderID
sail close to the wind,IDsailclosetothewindID
kick over the traces,IDkickoverthetracesID
like a bat out of hell,IDlikeabatoutofhellID
bread and circuses,IDbreadandcircusesID
fit to be tied,IDfittobetiedID
mark time,IDmarktimeID
talk the talk,IDtalkthetalkID
one-horse race,IDonehorseraceID
bag and baggage,IDbagandbaggageID
smell blood,IDsmellbloodID
hate someone's guts,IDhatesomeonesgutsID
kith and kin,IDkithandkinID
gone with the wind,IDgonewiththewindID
neither fish nor fowl,IDneitherfishnorfowlID
do a runner,IDdoarunnerID
make it snappy,IDmakeitsnappyID
in the blink of an eye,IDintheblinkofaneyeID
on the fiddle,IDonthefiddleID
tread water,IDtreadwaterID
hit the sack,IDhitthesackID
by a long chalk,IDbyalongchalkID
show the flag,IDshowtheflagID
all bets are off,IDallbetsareoffID
no time like the present,IDnotimelikethepresentID
king of beasts,IDkingofbeastsID
touch base,IDtouchbaseID
throw someone to the wolves,IDthrowsomeonetothewolvesID
clean as a whistle,IDcleanasawhistleID
Hobson's choice,IDhobsonschoiceID
drop a brick,IDdropabrickID
two-way street,IDtwowaystreetID
bite your lip,IDbiteyourlipID
flutter the dovecotes,IDflutterthedovecotesID
know the ropes,IDknowtheropesID
up hill and down dale,IDuphillanddowndaleID
pour oil on troubled waters,IDpouroilontroubledwatersID
see a man about a dog,IDseeamanaboutadogID
in the fast lane,IDinthefastlaneID
start off on the wrong foot,IDstartoffonthewrongfootID
throw the book at,IDthrowthebookatID
keep body and soul together,IDkeepbodyandsoultogetherID
an old flame,IDanoldflameID
same difference,IDsamedifferenceID
scarlet woman,IDscarletwomanID
bury the hatchet,IDburythehatchetID
don't hold your breath,IDdontholdyourbreathID
cramp someone's style,IDcrampsomeonesstyleID
it takes two to tango,IDittakestwototangoID
the world and his wife,IDtheworldandhiswifeID
the bee's knees,IDthebeeskneesID
from A to Z,IDfromatozID
grease the wheels,IDgreasethewheelsID
add fuel to the fire,IDaddfueltothefireID
on the up and up,IDontheupandupID
snug as a bug in a rug,IDsnugasabuginarugID
get the show on the road,IDgettheshowontheroadID
green with envy,IDgreenwithenvyID
sick as a parrot,IDsickasaparrotID
cakes and ale,IDcakesandaleID
run someone ragged,IDrunsomeoneraggedID
up the ante,IDuptheanteID
a penny for your thoughts,IDapennyforyourthoughtsID
by leaps and bounds,IDbyleapsandboundsID
bush telegraph,IDbushtelegraphID
be left holding the baby,IDbeleftholdingthebabyID
forty winks,IDfortywinksID
jam tomorrow,IDjamtomorrowID
teething troubles,IDteethingtroublesID
shake a leg,IDshakealegID
once in a blue moon,IDonceinabluemoonID
out of your mind,IDoutofyourmindID
get your teeth into,IDgetyourteethintoID
cut and dried,IDcutanddriedID
take the count,IDtakethecountID
have other fish to fry,IDhaveotherfishtofryID
throw caution to the wind,IDthrowcautiontothewindID
come a cropper,IDcomeacropperID
give head,IDgiveheadID
not give a fig,IDnotgiveafigID
nutty as a fruitcake,IDnuttyasafruitcakeID
throw your weight around,IDthrowyourweightaroundID
down the hatch,IDdownthehatchID
one over the eight,IDoneovertheeightID
up to par,IDuptoparID
batten down the hatches,IDbattendownthehatchesID
money for jam,IDmoneyforjamID
flog a dead horse,IDflogadeadhorseID
part of the furniture,IDpartofthefurnitureID
wake up and smell the coffee,IDwakeupandsmellthecoffeeID
press the panic button,IDpressthepanicbuttonID
at the coalface,IDatthecoalfaceID
live wire,IDlivewireID
par for the course,IDparforthecourseID
brass monkey,IDbrassmonkeyID
slap and tickle,IDslapandtickleID
come in from the cold,IDcomeinfromthecoldID
clear the decks,IDclearthedecksID
at daggers drawn,IDatdaggersdrawnID
dead to the world,IDdeadtotheworldID
bite someone's head off,IDbitesomeonesheadoffID
nice as pie,IDniceaspieID
think outside the box,IDthinkoutsidetheboxID
strain at the leash,IDstrainattheleashID
burn the candle at both ends,IDburnthecandleatbothendsID
make a pitch,IDmakeapitchID
go the whole hog,IDgothewholehogID
nip and tuck,IDnipandtuckID
slow but sure,IDslowbutsureID
make tracks,IDmaketracksID
poor little rich girl,IDpoorlittlerichgirlID
call off the dogs,IDcalloffthedogsID
speak your mind,IDspeakyourmindID
to a nicety,IDtoanicetyID
cut the Gordian knot,IDcutthegordianknotID
blood and guts,IDbloodandgutsID
leave someone in the lurch,IDleavesomeoneinthelurchID
throw good money after bad,IDthrowgoodmoneyafterbadID
man of the cloth,IDmanoftheclothID
cry wolf,IDcrywolfID
you can't teach an old dog new tricks,IDyoucantteachanolddognewtricksID
on the cuff,IDonthecuffID
pass the time of day,IDpassthetimeofdayID
away with the fairies,IDawaywiththefairiesID
sweat like a pig,IDsweatlikeapigID
like peas in a pod,IDlikepeasinapodID
give someone grief,IDgivesomeonegriefID
pay the piper,IDpaythepiperID
on the lam,IDonthelamID
at a canter,IDatacanterID
sweet nothings,IDsweetnothingsID
rewrite history,IDrewritehistoryID
make heavy weather of,IDmakeheavyweatherofID
stay the course,IDstaythecourseID
by a long shot,IDbyalongshotID
blow someone's cover,IDblowsomeonescoverID
drunk as a lord,IDdrunkasalordID
prick up your ears,IDprickupyourearsID
keep up with the Joneses,IDkeepupwiththejonesesID
give someone a bloody nose,IDgivesomeoneabloodynoseID
bang to rights,IDbangtorightsID
dog tired,IDdogtiredID
take up the gauntlet,IDtakeupthegauntletID
never you mind,IDneveryoumindID
cast pearls before swine,IDcastpearlsbeforeswineID
kick the bucket,IDkickthebucketID
full whack,IDfullwhackID
close ranks,IDcloseranksID
like a bear with a sore head,IDlikeabearwithasoreheadID
rise and shine,IDriseandshineID
rub someone the wrong way,IDrubsomeonethewrongwayID
kick up your heels,IDkickupyourheelsID
vale of tears,IDvaleoftearsID
have a mountain to climb,IDhaveamountaintoclimbID
put the kibosh on,IDputthekiboshonID
hit the ceiling,IDhittheceilingID
what goes around comes around,IDwhatgoesaroundcomesaroundID
pushing up the daisies,IDpushingupthedaisiesID
peed off,IDpeedoffID
money talks,IDmoneytalksID
to beat the band,IDtobeatthebandID
before you can say Jack Robinson,IDbeforeyoucansayjackrobinsonID
clear as mud,IDclearasmudID
by the seat of your pants,IDbytheseatofyourpantsID
on the bounce,IDonthebounceID
gild the lily,IDgildthelilyID
cry uncle,IDcryuncleID
high and mighty,IDhighandmightyID
pick holes,IDpickholesID
beer and skittles,IDbeerandskittlesID
rattle someone's cage,IDrattlesomeonescageID
talk nineteen to the dozen,IDtalknineteentothedozenID
press the flesh,IDpressthefleshID
stick in your craw,IDstickinyourcrawID
fit like a glove,IDfitlikeagloveID
bell the cat,IDbellthecatID
eat someone out of house and home,IDeatsomeoneoutofhouseandhomeID
discretion is the better part of valour,IDdiscretionisthebetterpartofvalourID
cock a snook,IDcockasnookID
never the twain shall meet,IDneverthetwainshallmeetID
all over bar the shouting,IDalloverbartheshoutingID
"once bitten, twice shy",IDoncebittentwiceshyID
cut your coat according to your cloth,IDcutyourcoataccordingtoyourclothID
heavy hitter,IDheavyhitterID
the buck stops here,IDthebuckstopshereID
keep your head,IDkeepyourheadID
reds under the bed,IDredsunderthebedID
two heads are better than one,IDtwoheadsarebetterthanoneID
off the top of your head,IDoffthetopofyourheadID
get on like a house on fire,IDgetonlikeahouseonfireID
put the cat among the pigeons,IDputthecatamongthepigeonsID
keep your powder dry,IDkeepyourpowderdryID
bring home the bacon,IDbringhomethebaconID
send someone to Coventry,IDsendsomeonetocoventryID
pass muster,IDpassmusterID
shoot from the hip,IDshootfromthehipID
peaches and cream,IDpeachesandcreamID
hard as nails,IDhardasnailsID
put up or shut up,IDputuporshutupID
beat the meat,IDbeatthemeatID
hold all the aces,IDholdalltheacesID
on the double,IDonthedoubleID
push the boat out,IDpushtheboatoutID
small potatoes,IDsmallpotatoesID
in the ballpark,IDintheballparkID
don't give up the day job,IDdontgiveupthedayjobID
hot to trot,IDhottotrotID
come up roses,IDcomeuprosesID
sell your soul,IDsellyoursoulID
on a silver platter,IDonasilverplatterID
give as good as you get,IDgiveasgoodasyougetID
silent as the grave,IDsilentasthegraveID
not miss a trick,IDnotmissatrickID
nothing to write home about,IDnothingtowritehomeaboutID
at full tilt,IDatfulltiltID
on the pull,IDonthepullID
take it on the chin,IDtakeitonthechinID
long time no see,IDlongtimenoseeID
tip the scales,IDtipthescalesID
champ at the bit,IDchampatthebitID
eat your words,IDeatyourwordsID
pearly whites,IDpearlywhitesID
blow your top,IDblowyourtopID
take a shine to,IDtakeashinetoID
get a handle on,IDgetahandleonID
shoot the messenger,IDshootthemessengerID
silence is golden,IDsilenceisgoldenID
tempt fate,IDtemptfateID
not much cop,IDnotmuchcopID
talk of the devil,IDtalkofthedevilID
you could have knocked me down with a feather,IDyoucouldhaveknockedmedownwithafeatherID
get down to brass tacks,IDgetdowntobrasstacksID
charity begins at home,IDcharitybeginsathomeID
have someone's guts for garters,IDhavesomeonesgutsforgartersID
dig up dirt,IDdigupdirtID
full speed ahead,IDfullspeedaheadID
"hook, line, and sinker",IDhooklineandsinkerID
meet someone halfway,IDmeetsomeonehalfwayID
not worth the candle,IDnotworththecandleID
turn turtle,IDturnturtleID
recharge your batteries,IDrechargeyourbatteriesID
take a leak,IDtakealeakID
cross my heart,IDcrossmyheartID
slip of the pen,IDslipofthepenID
better safe than sorry,IDbettersafethansorryID
right up your street,IDrightupyourstreetID
put your cards on the table,IDputyourcardsonthetableID
no rest for the wicked,IDnorestforthewickedID
safe as houses,IDsafeashousesID
push the panic button,IDpushthepanicbuttonID
go down like a lead balloon,IDgodownlikealeadballoonID
cloth ears,IDclothearsID
asleep at the wheel,IDasleepatthewheelID
Pyrrhic victory,IDpyrrhicvictoryID
cut your losses,IDcutyourlossesID
strike it rich,IDstrikeitrichID
the ball is in someone's court,IDtheballisinsomeonescourtID
cut from the same cloth,IDcutfromthesameclothID
get your hands dirty,IDgetyourhandsdirtyID
see the elephant,IDseetheelephantID
tread on someone's toes,IDtreadonsomeonestoesID
Dutch courage,IDdutchcourageID
"like father, like son",IDlikefatherlikesonID
down and dirty,IDdownanddirtyID
plain Jane,IDplainjaneID
stick to your guns,IDsticktoyourgunsID
bells and whistles,IDbellsandwhistlesID
take a flyer,IDtakeaflyerID
swing the lead,IDswingtheleadID
eat your heart out,IDeatyourheartoutID
she'll be right,IDshellberightID
ride herd on,IDrideherdonID
in high dudgeon,IDinhighdudgeonID
pull your punches,IDpullyourpunchesID
not to be sneezed at,IDnottobesneezedatID
behind the curve,IDbehindthecurveID
off and running,IDoffandrunningID
straight from the horse's mouth,IDstraightfromthehorsesmouthID
taste blood,IDtastebloodID
bite the big one,IDbitethebigoneID
take the fifth,IDtakethefifthID
watch your back,IDwatchyourbackID
draw a bead on,IDdrawabeadonID
hang fire,IDhangfireID
rhyme or reason,IDrhymeorreasonID
blow off steam,IDblowoffsteamID
not know you are born,IDnotknowyouarebornID
betwixt and between,IDbetwixtandbetweenID
stubborn as a mule,IDstubbornasamuleID
dog in the manger,IDdoginthemangerID
thanks for nothing,IDthanksfornothingID
turn up like a bad penny,IDturnuplikeabadpennyID
meet your Waterloo,IDmeetyourwaterlooID
rain or shine,IDrainorshineID
sweep someone off their feet,IDsweepsomeoneofftheirfeetID
jump down someone's throat,IDjumpdownsomeonesthroatID
six feet under,IDsixfeetunderID
split the difference,IDsplitthedifferenceID
not just a pretty face,IDnotjustaprettyfaceID
good Samaritan,IDgoodsamaritanID
plan B,IDplanbID
banana republic,IDbananarepublicID
cruising for a bruising,IDcruisingforabruisingID
prop up the bar,IDpropupthebarID
run before you can walk,IDrunbeforeyoucanwalkID
beat the daylights out of,IDbeatthedaylightsoutofID
stay the distance,IDstaythedistanceID
put the moves on,IDputthemovesonID
hit the ground running,IDhitthegroundrunningID
pigs might fly,IDpigsmightflyID
lie through your teeth,IDliethroughyourteethID
tell tales out of school,IDtelltalesoutofschoolID
in your element,IDinyourelementID
let the genie out of the bottle,IDletthegenieoutofthebottleID
under the gun,IDunderthegunID
let the cat out of the bag,IDletthecatoutofthebagID
rough around the edges,IDrougharoundtheedgesID
cast the first stone,IDcastthefirststoneID
get your skates on,IDgetyourskatesonID
close but no cigar,IDclosebutnocigarID
duck soup,IDducksoupID
walk on eggshells,IDwalkoneggshellsID
meet your match,IDmeetyourmatchID
snap someone's head off,IDsnapsomeonesheadoffID
up with the lark,IDupwiththelarkID
get someone's goat,IDgetsomeonesgoatID
in two shakes,IDintwoshakesID
present company excepted,IDpresentcompanyexceptedID
up a gum tree,IDupagumtreeID
an Englishman's home is his castle,IDanenglishmanshomeishiscastleID
spit feathers,IDspitfeathersID
reinvent the wheel,IDreinventthewheelID
still waters run deep,IDstillwatersrundeepID
off your rocker,IDoffyourrockerID
have a bash,IDhaveabashID
run into the sand,IDrunintothesandID
keep your eyes peeled,IDkeepyoureyespeeledID
make bricks without straw,IDmakebrickswithoutstrawID
too many cooks spoil the broth,IDtoomanycooksspoilthebrothID
my foot!,IDmyfootID
play for keeps,IDplayforkeepsID
ahead of the curve,IDaheadofthecurveID
bundle of joy,IDbundleofjoyID
on a full stomach,IDonafullstomachID
behind the eight ball,IDbehindtheeightballID
follow your nose,IDfollowyournoseID
take the gilt off the gingerbread,IDtakethegiltoffthegingerbreadID
talk turkey,IDtalkturkeyID
all over the show,IDallovertheshowID
shuffle off this mortal coil,IDshuffleoffthismortalcoilID
throw the baby out with the bathwater,IDthrowthebabyoutwiththebathwaterID
feast or famine,IDfeastorfamineID
seize the day,IDseizethedayID
bum steer,IDbumsteerID
every dog has its day,IDeverydoghasitsdayID
bring someone to book,IDbringsomeonetobookID
"in for a penny, in for a pound",IDinforapennyinforapoundID
queer someone's pitch,IDqueersomeonespitchID
near the knuckle,IDneartheknuckleID
ask for the moon,IDaskforthemoonID
die on the vine,IDdieonthevineID
not to put too fine a point on it,IDnottoputtoofineapointonitID
give someone a piece of your mind,IDgivesomeoneapieceofyourmindID
how's tricks?,IDhowstricksID
work your fingers to the bone,IDworkyourfingerstotheboneID
from the horse's mouth,IDfromthehorsesmouthID
keep someone posted,IDkeepsomeonepostedID
pull your weight,IDpullyourweightID
rob Peter to pay Paul,IDrobpetertopaypaulID
whistle in the dark,IDwhistleinthedarkID
come down the pike,IDcomedownthepikeID
drink like a fish,IDdrinklikeafishID
shoot the breeze,IDshootthebreezeID
keep your nose to the grindstone,IDkeepyournosetothegrindstoneID
split hairs,IDsplithairsID
five-finger discount,IDfivefingerdiscountID
turn a trick,IDturnatrickID
to the max,IDtothemaxID
go halves,IDgohalvesID
hedge your bets,IDhedgeyourbetsID
under the rose,IDundertheroseID
thin as a rake,IDthinasarakeID
up to snuff,IDuptosnuffID
come with the territory,IDcomewiththeterritoryID
give someone enough rope,IDgivesomeoneenoughropeID
come out of your shell,IDcomeoutofyourshellID
in your sights,IDinyoursightsID
handsome is as handsome does,IDhandsomeisashandsomedoesID
on the knocker,IDontheknockerID
thumb your nose at,IDthumbyournoseatID
play possum,IDplaypossumID
burn rubber,IDburnrubberID
fish in troubled waters,IDfishintroubledwatersID
make yourself scarce,IDmakeyourselfscarceID
a little bird told me,IDalittlebirdtoldmeID
have someone on toast,IDhavesomeoneontoastID
raise Cain,IDraisecainID
full of the joys of spring,IDfullofthejoysofspringID
"day in, day out",IDdayindayoutID
draw stumps,IDdrawstumpsID
cook someone's goose,IDcooksomeonesgooseID
dead as a dodo,IDdeadasadodoID
use a sledgehammer to crack a nut,IDuseasledgehammertocrackanutID
go down the pan,IDgodownthepanID
go the extra mile,IDgotheextramileID
start off on the right foot,IDstartoffontherightfootID
shoot the bull,IDshootthebullID
honours are even,IDhonoursareevenID
fire in the belly,IDfireinthebellyID
walk the talk,IDwalkthetalkID
blood and thunder,IDbloodandthunderID
pull up stakes,IDpullupstakesID
time and tide wait for no man,IDtimeandtidewaitfornomanID
take a hike,IDtakeahikeID
roll up your sleeves,IDrollupyoursleevesID
have the hots for,IDhavethehotsforID
cut a rug,IDcutarugID
hit someone for six,IDhitsomeoneforsixID
last hurrah,IDlasthurrahID
spit the dummy,IDspitthedummyID
play silly buggers,IDplaysillybuggersID
chase rainbows,IDchaserainbowsID
too many chiefs and not enough Indians,IDtoomanychiefsandnotenoughindiansID
drop like flies,IDdroplikefliesID
put someone out to pasture,IDputsomeoneouttopastureID
cool your heels,IDcoolyourheelsID
all over the map,IDalloverthemapID
every man jack,IDeverymanjackID
warm the cockles of someone's heart,IDwarmthecocklesofsomeonesheartID
kick against the pricks,IDkickagainstthepricksID
"more haste, less speed",IDmorehastelessspeedID
tickle the ivories,IDtickletheivoriesID
tough titty,IDtoughtittyID
boots and all,IDbootsandallID
go Dutch,IDgodutchID
hit the skids,IDhittheskidsID
keep on trucking,IDkeepontruckingID
by the skin of your teeth,IDbytheskinofyourteethID
not bat an eye,IDnotbataneyeID
shipshape and Bristol fashion,IDshipshapeandbristolfashionID
put your shoulder to the wheel,IDputyourshouldertothewheelID
come to a pretty pass,IDcometoaprettypassID
give someone the runaround,IDgivesomeonetherunaroundID
meet your maker,IDmeetyourmakerID
circle the wagons,IDcirclethewagonsID
get a rise out of,IDgetariseoutofID
jump the track,IDjumpthetrackID
keep your head above water,IDkeepyourheadabovewaterID
whistle Dixie,IDwhistledixieID
swim with the tide,IDswimwiththetideID
make a night of it,IDmakeanightofitID
draw a line in the sand,IDdrawalineinthesandID
drown your sorrows,IDdrownyoursorrowsID
carry a torch for,IDcarryatorchforID
blow the lid off,IDblowthelidoffID
could eat a horse,IDcouldeatahorseID
drag your feet,IDdragyourfeetID
top dollar,IDtopdollarID
it's all Greek to me,IDitsallgreektomeID
dot the i's and cross the t's,IDdottheisandcrossthetsID
haul someone over the coals,IDhaulsomeoneoverthecoalsID
go to the mat,IDgotothematID
roll with the punches,IDrollwiththepunchesID
separate the sheep from the goats,IDseparatethesheepfromthegoatsID
put your heads together,IDputyourheadstogetherID
speak of the devil,IDspeakofthedevilID
have a tiger by the tail,IDhaveatigerbythetailID
duke it out,IDdukeitoutID
beard the lion in his den,IDbeardthelioninhisdenID
along about,IDalongaboutID
no peace for the wicked,IDnopeaceforthewickedID
spare the rod and spoil the child,IDsparetherodandspoilthechildID
out of whack,IDoutofwhackID
arse about face,IDarseaboutfaceID
lose your marbles,IDloseyourmarblesID
lock the stable door after the horse has bolted,IDlockthestabledoorafterthehorsehasboltedID
be all ears,IDbeallearsID
let someone down gently,IDletsomeonedowngentlyID
"waste not, want not",IDwastenotwantnotID
it never rains but it pours,IDitneverrainsbutitpoursID
lower your sights,IDloweryoursightsID
on your soapbox,IDonyoursoapboxID
something nasty in the woodshed,IDsomethingnastyinthewoodshedID
rain cats and dogs,IDraincatsanddogsID
bury your head in the sand,IDburyyourheadinthesandID
put on the ritz,IDputontheritzID
see which way the cat jumps,IDseewhichwaythecatjumpsID
go through the mill,IDgothroughthemillID
bedroom eyes,IDbedroomeyesID
them's the breaks,IDthemsthebreaksID
cop a plea,IDcopapleaID
blow your own trumpet,IDblowyourowntrumpetID
big girl's blouse,IDbiggirlsblouseID
make money hand over fist,IDmakemoneyhandoverfistID
hit the hay,IDhitthehayID
have a bun in the oven,IDhaveabunintheovenID
from stem to stern,IDfromstemtosternID
throw your hat in the ring,IDthrowyourhatintheringID
hang tough,IDhangtoughID
seeing is believing,IDseeingisbelievingID
have someone by the short and curlies,IDhavesomeonebytheshortandcurliesID
smoke and mirrors,IDsmokeandmirrorsID
push someone's buttons,IDpushsomeonesbuttonsID
keep your eye on the ball,IDkeepyoureyeontheballID
catch someone napping,IDcatchsomeonenappingID
knock someone's block off,IDknocksomeonesblockoffID
put the screws on,IDputthescrewsonID
quiet as a mouse,IDquietasamouseID
kill the fatted calf,IDkillthefattedcalfID
spread yourself too thin,IDspreadyourselftoothinID
before you can say knife,IDbeforeyoucansayknifeID
beat the rap,IDbeattherapID
what's your poison?,IDwhatsyourpoisonID
practise what you preach,IDpractisewhatyoupreachID
there's no fool like an old fool,IDtheresnofoollikeanoldfoolID
top banana,IDtopbananaID
all dressed up and nowhere to go,IDalldressedupandnowheretogoID
keep your nose clean,IDkeepyournosecleanID
ring off the hook,IDringoffthehookID
